ÀàÄ¿Ãû³Æ,Ãû³Æ,Á´½Ó,¼ò½é
Í¼Æ¬Éè¼Æ,¸å¶¨Éè¼Æ,https://www.gaoding.com/,Í¼ÎÄ±Ê¼ÇÉè¼Æ¡¢ÅÅ°æ¡¢ÅúÁ¿×÷Í¼£¬Ìá¹© 20w + ÉÌÓÃÄ£°å¡¢°ÙÍòÕý°æËØ²Ä
Í¼Æ¬Éè¼Æ,ÐÑÍ¼,https://www.retouchpics.com/,×ö·âÃæ¡¢ÈËÏñ P Í¼±Ø±¸£¬¹¦ÄÜÇ¿´ó£¬Ö§³Ö¶à¶Ë¿ìËÙ³öÆ¬
Í¼Æ¬Éè¼Æ,ÃÀÍ¼ÐãÐã,https://www.meituxiuxiu.com/zh-Hans,×ö·âÃæ¡¢ÈËÏñ P Í¼±¸Ñ¡£¬¹¦ÄÜÀàËÆÐÑÍ¼£¬Ö§³ÖµçÄÔ°æºÍÍøÒ³°æ
Í¼Æ¬Éè¼Æ,¿É»­,https://canva.com/,¹ú¼ÊÖªÃûÉè¼Æ¹¤¾ß£¬Ìá¹©º£Á¿Ä£°åºÍËØ²Ä
Í¼Æ¬Éè¼Æ,¶¹°ü AI »­Í¼,https://www.doubao.com/chat/,AI Ò»¼üÉú³ÉÍ¼Æ¬£¬Ö§³Ö·ç¸ñ¶¨ÖÆ£¬³öÍ¼ÖÊÁ¿¸ß¡¢ÎÈ¶¨ÐÔÇ¿
ÎÄ°¸´´×÷,Reditor ±à¼­Æ÷,https://reditorapp.com/?ref=openi.cn,×¨×¢Ð¡ºìÊéÎÄ°¸±à¼­µÄ¹¤¾ß
ÎÄ°¸´´×÷,¶àÖÖ²Ý AI,duozhongcao.com,Ìá¹©Ð¡ºìÊéÎÄ°¸Éú³É¡¢Ãô¸Ð´Ê¼ì²â¡¢Ñ¡ÌâÁé¸Ð¡¢Í¼ÎÄÉú³ÉµÈ¶à¹¦ÄÜ
ÎÄ°¸´´×÷,Claude,https://claude.ai/,Ð´×÷¸¨Öú´óÄ£ÐÍ£¬Ö§³Ö×ÔÓÉµ÷ÅäÌáÊ¾´Ê£¬ÊÊºÏÉú³É±¨¸æ¡¢ÎÄ°¸µÈ¡£ÐèÒªÄ§·¨µÇÂ¼¡£
ÎÄ°¸´´×÷,Monica,https://monica.cn/,¼¯ºÏ¸÷Àà´óÄ£ÐÍµÄÖÇÄÜÌåÆ½Ì¨£¬Ö§³ÖÎÄ°¸Éú³É¡¢·­Òë¡¢Óï·¨¼ì²éµÈ¶à³¡¾°Ó¦ÓÃ
ÎÄ°¸´´×÷,·ÉÊéÎÄµµ,https://docs.feishu.cn/,ÔÚÏßÎÄµµ±à¼­¹¤¾ß£¬Ö§³Ö¶àÈËÐ­×÷ºÍÄÚÈÝ±£´æ
ÅúÁ¿ÏÂÔØ,½­ºþ¹¤¾ßÏä,https://jianghudata.com/,¿Í»§¶Ë¹¤¾ß£¬ÎÈ¶¨Ãâ·Ñ£¬Ö§³ÖÅúÁ¿ÏÂÔØÊÓÆµºÍÍ¼ÎÄ±Ê¼Ç
ÅúÁ¿ÏÂÔØ,ÖÇÐ¡ºì,https://www.zhixiaohong.com/workbench/downloader.html,ä¯ÀÀÆ÷²å¼þ£¬ÇáÁ¿¼¶£¬Ö§³ÖÎÞË®Ó¡ÏÂÔØÐ¡ºìÊéÊÓÆµºÍÍ¼ÎÄ
ÅúÁ¿ÏÂÔØ,´Û¸Äºï,https://www.tampermonkey.net/,ä¯ÀÀÆ÷½Å±¾¹ÜÀíÆ÷£¬ÅäºÏ½Å±¾¿ÉÊµÏÖ¶àÖÖÅúÁ¿ÏÂÔØ¹¦ÄÜ
ÅúÁ¿ÏÂÔØ,ºóÒá²É¼¯Æ÷,https://www.houyicaiji.com/,×¨ÒµÊý¾Ý²É¼¯¹¤¾ß£¬Ö§³Ö¸´ÔÓ³¡¾°ÏÂµÄÄÚÈÝ×¥È¡
ÅúÁ¿ÏÂÔØ,Fatkun,https://www.fatkun.net/zh-CN,Ãâ·Ñä¯ÀÀÆ÷²å¼þ£¬Ö§³ÖÅúÁ¿ÏÂÔØÍøÕ¾Í¼Æ¬
ÊÓÆµÎÄ°¸ÌáÈ¡,½­ºþ¹¤¾ßÏä,https://jianghudata.com/,Ãâ·Ñ°æ¿ÉÓÃ£¬ÊÕ·Ñ°æ×¼È·ÂÊ¸ü¸ß£¬µ÷ÓÃ°¢ÀïÍ¨Îò API ÌáÈ¡ÊÓÆµÎÄ°¸
ÊÓÆµÎÄ°¸ÌáÈ¡,·ÉÊéÃî¼Ç,https://www.feishu.cn/product/minutes,»áÒé¼ÇÂ¼¹¤¾ß£¬Ö§³ÖÒôÊÓÆµ×ªÎÄ×Ö£¬×¼È·ÂÊ¸ß£¬ÊÊºÏÌáÈ¡»áÒéºÍÊÓÆµÖÐµÄÎÄ°¸ÄÚÈÝ
ÊÓÆµÎÄ°¸ÌáÈ¡,°¢ÀïÍ¨ÒåÌýÎò,https://tingwu.aliyun.com/,°¢ÀïÔÆÖÇÄÜÓïÒô×ªÐ´¹¤¾ß£¬Ö§³ÖÊµÊ±×ªÂ¼ºÍ¶àÓïÑÔ·­Òë£¬×¼È·ÂÊ¸ß
ÊÓÆµÎÄ°¸ÌáÈ¡,Çá¶¶,https://www.qingdou.vip,Ãâ·Ñ¹¤¾ß£¬Ðè¿´¹ã¸æ£¬Ö§³ÖÖ±²¥»°ÊõÌáÈ¡¡¢ÒôÊÓÆµÎÄ×ÖÌáÈ¡µÈ¶à¹¦ÄÜ
AI ÅäÒô,º£ÂÝ AI,https://www.minimaxi.com/audio/voice-isolator,AI ÓïÒôºÏ³É¹¤¾ß£¬Ö§³ÖÇé¸Ð»¯ÅäÒô£¬½µÔëÐ§¹ûÓÅÓÚÍ¬Àà²úÆ·
AI ÅäÒô,Nozi AI,https://noiz.ai/landing,ÉùÒô¿ËÂ¡¹¤¾ß£¬Ö»Ðè 3-10 ÃëÂ¼Òô¼´¿ÉÉú³É×¨Êô AI ÉùÒôÄ£ÐÍ
ÊÓÆµ´´×÷,¼ôÓ³,https://www.capcut.cn/,¶ÌÊÓÆµ¼ô¼­±Ø±¸¹¤¾ß£¬ÉÏÊÖ¼òµ¥£¬Ö§³Ö¶à¶ËÐ­Í¬ºÍ AI ´´×÷¹¦ÄÜ
ÊÓÆµ´´×÷,¼´ÃÎ AI ÊÓÆµÉú²Æ,https://jimeng.jianying.com/,Ò»Õ¾Ê½ AI ÊÓÆµÉú³É¹¤¾ß£¬ÊÊºÏÅúÁ¿ÖÆ×÷ÓªÏúÊÓÆµ
ÊÓÆµ´´×÷,¼´´´ AI,https://aic.oceanengine.com/login,×Ö½ÚÌø¶¯ÆìÏÂ AI ¹¤¾ß£¬Ö§³ÖÓªÏúÊÓÆµÅúÁ¿Éú³É£¬ÊÊÅä¶àÆ½Ì¨Í¶·Å³¡¾°
Î¥½û´Ê¼ì²â,Áã¿Ë²é´Ê,http://ci.lingke.pro/,×¨×¢Ð¡ºìÊéÎ¥½û´Ê¼ì²â£¬Ìá¹©Í¨ÓÃ´Ê¿â¡¢Ãô¸Ð´Ê¿âºÍÆ·ÅÆÖÖ²Ý½â¾ö·½°¸
Î¥½û´Ê¼ì²â,¾äÎÞÓÇ,https://www.check51.com/,¶àÆ½Ì¨Î¥½û´Ê¼ì²â¹¤¾ß£¬Ö§³ÖÎÄ×Ö¡¢Í¼Æ¬¡¢ÊÓÆµ¼ì²â£¬¸²¸ÇµçÉÌ¡¢Éç½»µÈ¶àÐÐÒµ´Ê¿â
Î¥½û´Ê¼ì²â,¾äÒ×Íø,http://www.ju1.cn/,ÀÏÅÆÎ¥½û´Ê¼ì²â¹¤¾ß£¬²Ù×÷¼òµ¥£¬ÊÊºÏ¿ìËÙÉ¸²éÎÄ°¸·çÏÕ
Î¥½û´Ê¼ì²â,Ð¡ºìÊé¸ßÎ£´Ê¹Ù·½ËµÃ÷,https://pgy.xiaohongshu.com/help/list?id=174&userType=4,Ð¡ºìÊé¹Ù·½·¢²¼µÄ¸ßÎ£´ÊËµÃ÷ÎÄµµ£¬¿É²éÑ¯Æ½Ì¨×îÐÂÎ¥½û´Ê¹æÔò
×ÖÌåËØ²Ä,Ê¶×ÖÌåÍø,https://www.likefont.com/,×ÖÌåÊ¶±ðºÍÏÂÔØÆ½Ì¨£¬Ö§³ÖÉÏ´«Í¼Æ¬Ê¶±ð×ÖÌå£¬Ìá¹©º£Á¿ÉÌÓÃ×ÖÌå×ÊÔ´
×ÖÌåËØ²Ä,×ÖÓÉ,https://www.hellofont.cn,Éè¼ÆÊ¦×ÖÌå¹ÜÀí¹¤¾ß£¬Ö§³ÖÒ»¼üÓ¦ÓÃºÍ¶à¶ËÍ¬²½£¬º­¸Ç¶àÖÖ·ç¸ñ×ÖÌå
×ÖÌåËØ²Ä,Çó×ÖÌå,https://www.qiuziti.com/,×ÖÌåËÑË÷ºÍÏÂÔØÆ½Ì¨£¬Ö§³ÖÄ£ºý²éÑ¯ºÍ×ÖÌåÏàËÆ¶ÈÆ¥Åä
Í¼Æ¬ËØ²Ä,Pixabay,https://pixabay.com/,Ãâ·Ñ¸ßÇåÍ¼Æ¬ËØ²Ä¿â£¬Ö§³Ö CC0 Ð­Òé£¬¿ÉÉÌÓÃ£¬º­¸Ç¶àÖÖ·ÖÀà
Í¼Æ¬ËØ²Ä,Unsplash,https://unsplash.com/,¸ßÖÊÁ¿ÉãÓ°Í¼Æ¬¿â£¬È«ÇòÉãÓ°Ê¦·ÖÏí×÷Æ·£¬ÊÊºÏ´´ÒâÀàÄÚÈÝÅäÍ¼
Í¼Æ¬ËØ²Ä,Pexels,https://www.pexels.com/,Ãâ·ÑÍ¼Æ¬ºÍÊÓÆµËØ²Ä¿â£¬½çÃæ¼ò½à£¬Ö§³Ö¹Ø¼ü´Ê¿ìËÙËÑË÷
Í¼Æ¬ËØ²Ä,Visual Hunt,https://visualhunt.com/,×¨×¢ÊÓ¾õËØ²ÄµÄ×ÊÔ´Õ¾£¬Ìá¹©Í¼Æ¬¡¢Ê¸Á¿Í¼¡¢²å»­µÈ¶àÀàÐÍÄÚÈÝ
Í¼Æ¬ËØ²Ä,Foodiesfeed,https://www.foodiesfeed.com/,ÃÀÊ³Ö÷ÌâÍ¼Æ¬¿â£¬ÊÊºÏ²ÍÒû¡¢Éú»îÀàÐ¡ºìÊéÄÚÈÝÅäÍ¼
Í¼Æ¬ËØ²Ä,StockSnap,https://stocksnap.io/,Ãâ·ÑÎÞ°æÈ¨Í¼Æ¬¿â£¬Ö§³Ö CC0 Ð­Òé£¬¸üÐÂÆµÂÊ¸ß£¬ËØ²Ä·ç¸ñ¶àÑù
Í¼Æ¬ËØ²Ä,LibreStock,https://librestock.com/,¾ÛºÏÐÍËØ²ÄÆ½Ì¨£¬ÕûºÏ¶à¸öÃâ·ÑÍ¼¿â×ÊÔ´£¬Ò»Õ¾Ê½ËÑË÷ÏÂÔØ
Í¼Æ¬ËØ²Ä,PAKUTASO,https://www.pakutaso.com/,ÈÕ±¾Ãâ·ÑËØ²ÄÕ¾£¬Ìá¹©ÈÕÏµ·ç¸ñÍ¼Æ¬¡¢²å»­ºÍÉè¼ÆÄ£°å£¬ÊÊºÏ¸öÐÔ»¯ÄÚÈÝ´´×÷
Êý¾Ý·ÖÎö,»ÒëàÊý¾Ý,https://wxaurl.cn/coH1vCUDO3r,Ð¡ºìÊéÊý¾Ý·ÖÎö¹¤¾ß£¬Ìá¹©´ïÈË¡¢±Ê¼Ç¡¢Æ·ÅÆÍ¶·ÅµÈ¶àÎ¬¶ÈÊý¾Ý¼à²âºÍ°ñµ¥
Êý¾Ý·ÖÎö,ÐÂºì,https://xh.newrank.cn/,ÐÂ°ñÆìÏÂÐ¡ºìÊéÊý¾ÝÆ½Ì¨£¬Ö§³ÖºìÈËËÑË÷¡¢±Ê¼Ç·ÖÎö¡¢Ö±²¥¼à²âºÍ¾ºÆ·Í¶·Å²ßÂÔ¶´²ì
Êý¾Ý·ÖÎö,5118,https://www.5118.com/ci/xhs,¹Ø¼ü´ÊÍÚ¾ò¹¤¾ß£¬Ö§³ÖÐ¡ºìÊéÏÂÀ­´Ê¡¢³¤Î²´Ê·ÖÎö£¬¸¨Öú SEO ºÍÄÚÈÝÑ¡Ìâ
Êý¾Ý·ÖÎö,Ç§¹Ï,https://app.qian-gua.com/#/workbench/red,×¨ÒµÉçÃ½Êý¾Ý·ÖÎöÆ½Ì¨£¬Ìá¹©Ð¡ºìÊéÕËºÅÕï¶Ï¡¢±¬¿î±Ê¼Ç×·×ÙºÍÐÐÒµÇ÷ÊÆ±¨¸æ
Êý¾Ý·ÖÎö,²õÐ¡ºì,https://xhs.chanmama.com/,²õÂèÂèÆìÏÂÐ¡ºìÊéÊý¾Ý¹¤¾ß£¬Ö§³ÖÖ±²¥·ÖÎö¡¢ÉÌÆ·ÈÈ¶È¼à²âºÍ´ïÈËÉÌÒµ¼ÛÖµÆÀ¹À
Emoji ±íÇé,emoji °Ù±¦Ïä,https://emoji6.com/,º£Á¿ Emoji ±íÇé¿â£¬Ö§³Ö·ÖÀàä¯ÀÀºÍ¿ìËÙ¸´ÖÆ£¬ÊÊºÏ·á¸»Ð¡ºìÊéÎÄ°¸±íÏÖÁ¦
Emoji ±íÇé,getemoji,https://getemoji.com/,¿çÆ½Ì¨ Emoji ¹¤¾ß£¬Ö§³Ö iOS¡¢Android¡¢PC µÈ¶à¶ËÊ¹ÓÃ£¬¸²¸ÇÈ«Æ·Àà±íÇé·ûºÅ
Ð¡ºìÊé¿ªµê,µêÍ¸ÊÓ,https://www.diantoushi.com/,µçÉÌÊý¾ÝÍ¸ÊÓ¹¤¾ß£¬Ö§³Ö¶àÆ½Ì¨ÉÌÆ·Êý¾Ý²éÑ¯¡¢ÆÀÂÛ·ÖÎöºÍ¾ºÆ·¼à¿Ø
Ð¡ºìÊé¿ªµê,ÕÐ²ÆÃ¨,https://jingyan.baidu.com/article/1974b289ddb303b4b0f77472.html,°Ù¶È¾­Ñé¿ªµêÖ¸ÄÏ£¬Ìá¹©Ð¡ºìÊé¿ªµêÁ÷³ÌºÍÔËÓª¼¼ÇÉ·ÖÏí
Ð¡ºìÊé¿ªµê,Ð¡ºìÊéÉÌ¼ÒÈë×¤,https://gaia.xiaohongshu.com/home/index,Ð¡ºìÊé¹Ù·½¿ªµêÈë¿Ú£¬Ö§³Ö¸öÈË / ¸öÌå¹¤ÉÌ»§ / ÆóÒµÈë×¤£¬0 Ôª¿ªµê£¬²¿·ÖÀàÄ¿Ðè±£Ö¤½ð
Ð¡ºìÊé¿ªµê,Ð¡ºìÊé¿ÎÌÃ,https://school.xiaohongshu.com/course/list?jumpFrom=school,¹Ù·½ÅàÑµÆ½Ì¨£¬Ìá¹©´ó´Ù±¸Õ½¡¢Á÷Á¿×ª»¯¡¢Ö±²¥ÔËÓªµÈ¿Î³Ì£¬º¬Ö±²¥»Ø·ÅºÍ×ÊÁÏÏÂÔØ
Ë½ÓòÒýÁ÷,²ÝÁÏ,https://cli.im/,¶þÎ¬ÂëÉú³É¹¤¾ß£¬Ö§³ÖÎ¢ÐÅÈº¶þÎ¬Âë×ªÁ´½Ó£¬¿ÉÃÀ»¯Éè¼ÆºÍ¶¯Ì¬¸üÐÂÄÚÈÝ
Ë½ÓòÒýÁ÷,Photofunia,https://photofunia.com/,Í¼Æ¬´¦Àí¹¤¾ß£¬Ö§³ÖÔÚÍ¼Æ¬ÖÐÌí¼ÓÎ¢ÐÅºÅµÈË½ÓòÐÅÏ¢£¬½µµÍÆ½Ì¨Î¥¹æ·çÏÕ
